# id<TAB>translation; literal \r and \n are decoded by Apply-TranslationMap.ps1
2563	空格键
2564	X键
2565	A键
2566	操作
2567	空格
2568	下
2569	圆圈
2570	取消
2571	上
2572	左
2573	右
2617	“我能把你的大理石雕像刻出来吗？”
2619	“能请你在我刚出生的宝宝头上签名吗？”
2620	“能和你，荷马，待在同一个房间里，我真是荣幸。”
2621	“真不敢相信今天能进来。队伍排得老长了。但他没有让我失望！”
2622	“我从没见过谁能得到缪斯如此眷顾。”
2623	“我哭了。真的哭了。”
2624	“这是我听过最棒的诗！”
2625	“奥德修斯太酷了！”
2626	“希望有一天学校会教这首诗！”
2627	“你觉得他会返场吗？”
2628	“你觉得我好好求他的话，他会给我一缕头发吗？”
2629	“我要剪下一块他的长袍，回家裱起来。”
2630	“你觉得他有对象吗？”
2631	“我无话可说。”
2632	“妈妈，我长大后想当诗人。”
2633	“这是我这周遇到的最棒的事。昨天我还治好了瘟疫呢！”
2634	“这人真棒！”
2636	“他真的有两下子。”
2637	“奥德修斯真酷！”
2638	“奥德修斯真帅。等等，诗人的名字不是奥德修斯？”
2639	“你觉得这首诗是自传吗？”
2640	“他照这样下去，名字一定会载入史册。”
2641	“荷马，能给我签名吗？哦，你不会写字？没关系，我也不识字。”
2642	“他真是个优秀的演说家。”
2643	“有那样的嗓音，什么故事都能讲得精彩。”
2644	“我要去试着和诗人握手。祝我好运！”
2645	“阿波罗真是对他展露微笑。”
2646	“我是来喝醉的，结果惊喜得不得了。”
2647	“他当诗人是很棒，可把这里挤得太满了。”
2648	“其实还挺不错。”
2650	“嘿，我明天还会回来。想看看这家伙接下来能写出什么！”
2651	“刚才那位诗人叫什么来着？我要看他所有的演出。”
2652	“我每晚都来，这家伙每次都比上次更好了。”
2653	“我很意外。”
2654	“哇！”
2655	“这个年轻诗人是从哪儿冒出来的？”
2656	“他算是有点帅吧。”
2657	“这位年轻诗人很有潜力。”
2658	“亲爱的，我们明天再来吧。”
2659	“妈妈，刚才真好玩！我们能再来听一次吗？”
2660	“这家伙能去我孩子的生日派对演出吗？”
2661	“我见过更糟的。前几天这里有个叫荷马的家伙。那才叫糟糕。”
2663	“不能说我喜欢。但也没糟到哪儿去。”
2664	“也许他可以加一段奥德修斯脱掉上衣的戏。那一定很火辣。”
2665	“今年诗歌奖的最佳吻戏肯定没它的份。”
2666	“谁能再给我来一杯酒？”
2667	“妈妈，我不喜欢那个男人的脸。”
2668	“他的讲故事技巧真得好好补补。”
2669	“真希望故事再长点。我想听更多动作场面！”
2670	“爆炸呢？我希望他加点爆炸。”
2671	“我每晚都来，这家伙却一直讲同一个糟糕故事。”
2672	“这是我这周遇到的最糟糕的事。昨天我还染上瘟疫了。”
2674	“妈妈，那个男人为什么要这样丢人现眼？”
2675	“谁让他上台的？”
2676	“所以，奥德修斯算是主角？”
2677	“这家伙为什么不讲个更有意思的故事？比如阿喀琉斯之类的。”
2678	“我刚吐了。”
2679	“我再也不来了。”
2680	“他还是别辞掉白天的工作吧。”
2681	“众神啊，糟透了。”
2682	“他得给故事再加点东西。感觉实在太短了。”
3013	按下
3029	清晨
3031	白天
3032	傍晚
3033	夜晚
3037	俄瑞斯忒斯\r\n宅邸
3039	家
3041	俱乐部
3045	未受训练
3046	新手
3047	入门者
3048	学徒
3049	熟手
3050	技艺娴熟
3051	专家
3052	大师
3053	史诗诗人
3065	剩余天数
3067	演绎等级
3069	演说加成
3072	缪斯，请将那位巧思过人的人\r\n用歌声馈赠西方的故事唱给我听。\r\n
3077	学者俄瑞斯忒斯正在别墅里研读，忽然听见前门被撞开的巨响。\r\n
3084	俄瑞斯忒斯递给荷马一个小小的长方形物件，摸起来像一块烘得很薄的泥板。\r\n
3091	荷马和俄瑞斯忒斯走进一家昏暗的咖啡馆，里面坐满了脾气暴躁的客人。每个人都吵闹、醉醺醺的，随时准备找点乐子。\r\n
3095	\r\n夜幕降临，荷马前往塞妮娅咖啡馆，准备再次演出。\r\n
3100	\r\n终于到了最后一场演出。荷马走进比赛剧场，看见人潮如海。\r\n
3102	\r\n附近坐着三名评委，负责测量观众的反应。\r\n
3103	\r\n荷马攥紧故事卡，深吸一口气，开始讲述。\r\n
3108	有史以来最伟大的故事
3110	奥德修斯的大冒险
3111	噢，兄弟，你在哪里？
3112	奥德修斯的绝妙历险
3113	奥德修斯寻路归乡
3114	海上十年
3115	别和奥德修斯一起航海：一个警示故事
3116	想知道的奥德修斯一切，却不敢问的事
3117	卡吕普索的失恋
3118	奥德赛与神谕
3119	奥德修斯之歌
3120	雅典娜最喜爱的凡人
3121	人人都爱奥德修斯
3122	荷马的杰作
3123	荷马惊天大诗 5000
3124	三桨战船的麻烦
3125	海洋……最后的边疆（至少我是这么知道的）
3126	我熬过二十年漂泊，得到的只有这首蠢诗
3127	波塞冬历险记
3128	奥德修斯与阿尔戈英雄
3129	愁绪不断的人
3130	求婚者？我根本不认识她
3131	老人与海
3132	老年奥德修斯
3133	奥德修斯：无家可归
3134	去伊塔卡的路上发生了一件趣事
3135	奥德修斯智胜众人
3136	爱琴海谋杀案
3147	你要用这段{0}做什么？
3149	润色等级
3150	荷马花了几个小时打磨故事卡，听起来好多了！
3152	达到润色等级 {0}
3154	荷马用{0}和{1}的时间，在一群大理石雕像前反复诵读尚未完成的故事。他们似乎很喜欢！
3156	达到演绎阶位 {0}：
3187	第 {0} 册：{1}
3200	呃……
3203	演出进度：
3220	今日观众评价
3224	获得新故事卡
3228	又一场演出结束后，荷马入睡了，梦见宏大的冒险。\r\n
3230	距离盛大演出还有 {0} 天
3234	最后一天
3256	年轻的荷马
3257	一位说书人的奥德赛
3374	全剧终
3377	导航：
3379	继续：
3381	上、下、左、右
3384	开始游戏
3386	制作人员
3388	退出
3390	注意：本游戏没有声音。
3418	之前
3419	- 润色等级 {0} -
3420	之后
3261	荷马和俄瑞斯忒斯在演出后一起走回家。
3275	荷马带着一脑子嗡嗡作响的想法上床睡觉。他一生失明，史诗般的远征似乎遥不可及。
3276	但如今，他要用自己的语言，创造世所未见的伟大冒险。
3078	ORESTES\r\n\r\n你这么兴奋，是因为什么？
3079	HOMER\r\n\r\n第九届年度冒险诗歌大赛！我们有两周时间创作一首新诗。最后一天，他们会评判我们的演出，选出赢家！
3080	HOMER\r\n\r\n这是让我的诗走到世人面前的绝佳机会。
3081	ORESTES\r\n\r\n哇！说来也巧，我最近一直在研究英雄奥德修斯。以前从没人讲过他的故事。也许你可以围绕他来写诗。
3082	HOMER\r\n\r\n我喜欢这个主意！唯一的问题是，我对奥德修斯和他的征途一无所知。只知道他曾和阿尔戈英雄一起航海。
3083	ORESTES\r\n\r\n其实你想的是伊阿宋。不过我想我能帮上忙。
3085	HOMER\r\n\r\n等一下，俄瑞斯忒斯。我不识字，更何况我还是盲人！
3086	HOMER\r\n\r\n为什么我感觉自己能在脑中准确想象这张卡片的样子？
3087	ORESTES\r\n\r\n这是我发明的新语言。我叫它“盲文”。只要用手触摸就能阅读。
3088	HOMER\r\n\r\n哇，这真的行得通！那么，你能给我多少张卡？只有一个情节点，我可写不出什么史诗故事。
3089	ORESTES\r\n\r\n我有几十张，但问题是它们都是我研究用的，写在普通折叠泥板上。我得花时间把它们改成盲文给你用。
3090	ORESTES\r\n\r\n我估计做一张卡要几个小时。但我会尽力。眼下我手头还放着一张盲文卡，可以先给你。
3092	EMCEE\r\n\r\n女士们，还有双子座们，欢迎来到塞妮娅咖啡馆。
3093	EMCEE\r\n\r\n别忘了给服务员小费；如果你看到乞丐从街上进来，请帮自己一个忙，给他买杯酒。这可能救你一命！
3094	EMCEE\r\n\r\n今晚我们请来一位新诗人。孩子，舞台交给你。
3096	HOMER\r\n\r\n大家好。这是我一直在写的故事，还在创作中，但希望你们喜欢。
3097	HOMER\r\n\r\n我把它叫作……
3098	HOMER\r\n\r\n我把它叫作……
3104	HOMER\r\n\r\n大家好。评委们好。我很高兴来到这里。
3105	HOMER\r\n\r\n这首诗是用爱浇灌的作品，没有我的朋友俄瑞斯忒斯，我不可能完成它。
3106	HOMER\r\n\r\n从头到尾，他一直是我的向导和研究顾问。
3107	HOMER\r\n\r\n过去两周里，我试了很多临时标题，但我想我终于找到了一个好标题。
3221	ORESTES\r\n\r\n很高兴见到你，荷马。我一直在思考奥德修斯的故事，觉得这一段也许会让你感兴趣。
3235	ORESTES\r\n\r\n你做到了，荷马！你赢了！
3237	HOMER\r\n\r\n这全都多亏了你，俄瑞斯忒斯。
3238	HOMER\r\n\r\n不过，你知道的……我还是觉得这首诗没写完。
3239	ORESTES\r\n\r\n好吧，你没赢，但恭喜你获奖入选！
3241	HOMER\r\n\r\n说真的，能参加比赛我就很开心了。
3242	HOMER\r\n\r\n看看我们的故事在这么短的时间里走了多远！
3243	HOMER\r\n\r\n这么说吧，在宣布完成之前，我想再花点时间打磨这个奥德修斯的故事。
3244	ORESTES\r\n\r\n好吧，你没超过那些诗人。但替你说句公道话，他们确实写出了惊人的作品。
3246	HOMER\r\n\r\n能和他们并列，我深感荣幸！
3247	ORESTES\r\n\r\n这就对了！
3248	HOMER\r\n\r\n虽然我们没赢，但我仍为故事能走到今天感到震撼。
3249	HOMER\r\n\r\n我想继续写下去。
3250	HOMER\r\n\r\n哇，太神奇了！这是什么？
3251	ORESTES\r\n\r\n我叫它“故事卡”。我做这些卡是为了在研究中记录奥德修斯的冒险。
3252	ORESTES\r\n\r\n我们会成为完美搭档：你的讲故事和我的研究。
3253	ORESTES\r\n\r\n奥德修斯的传奇宏大无比，比从前讲过的任何故事都壮阔。要是我们能如实呈现这段传说，他们只好发明一种新体裁来容纳它。
3254	ORESTES\r\n\r\n世界上第一首“史诗诗篇！”
3258	ORESTES\r\n\r\n接下来几周，隔一阵就来找我拿张新卡。我会尽量把你引向正确的方向。
3259	HOMER\r\n\r\n我等不及要把这些写进诗里了！
3260	ORESTES\r\n\r\n那就别等了。我想我知道今晚哪里能让你演出这首诗。
3262	HOMER\r\n\r\n我猜我表现得不太好，对吧？我一直念错台词，紧张得要命。
3263	ORESTES\r\n\r\n嘿，别担心。说实话，确实不算好。但你只有几个小时拼出故事，而且手里只有两张卡。
3264	HOMER\r\n\r\n是啊，所有人都讨厌它。我丢脸死了。
3265	ORESTES\r\n\r\n想赢，唯一的办法就是变得更好。接下来的两周，日夜不停地打磨诗篇。
3266	ORESTES\r\n\r\n如果你需要奥德修斯故事的新点子，就来找我。除此之外，完善已有文字，练习你的演绎技巧。
3267	ORESTES\r\n\r\n对任何观众来说，最重要的三件事是：故事、润色和演绎。只要其中一项出色，观众就更可能忽略另外两项的问题。
3268	ORESTES\r\n\r\n但别过分依赖某一项而忽视其他项！关键在于平衡。
3269	ORESTES\r\n\r\n夜幕降临后，再回到这里演出你的素材。幸运的是，这些客人总是醉得厉害，记不住自己前一晚有多讨厌你。
3270	HOMER\r\n\r\n俄瑞斯忒斯，你怎么知道成为伟大说书人的所有秘诀？
3271	ORESTES\r\n\r\n我可是研究者，忘了吗？观察事物、总结规律就是我的工作。我会参加每场演出，并在每次结束后尽量给你建议。
3272	ORESTES\r\n\r\n现在看来，念错台词是你最大的问题。说不清楚时，人们就会失去兴趣。
3273	ORESTES\r\n\r\n明天，拿出一天中相当一部分时间练习演绎技巧。
3274	HOMER\r\n\r\n众神啊，我觉得我们真的能做到！
3277	ORESTES\r\n\r\n今天干得不错。即使没多少素材，你还是重新登台了。这需要勇气。
3278	HOMER\r\n\r\n是啊，可我的诗还是不怎么样。
3279	ORESTES\r\n\r\n没关系。好素材需要时间积累。试着制定策略，想想优秀说书的三根支柱：故事、润色和演绎。
3280	ORESTES\r\n\r\n明天我建议你再抽出一部分时间练习演绎。会占用更多时间，但值得。
3281	ORESTES\r\n\r\n你流畅背诵故事的一段时，观众会更感兴趣；但如果讲述时出错，观众好感反而会下降。
3282	ORESTES\r\n\r\n每次练习演绎技巧，你都会获得演说加成。这会让你更不容易念错台词，也让观众更不容易失去兴趣！
3283	ORESTES\r\n\r\n很好，荷马。我看你还在努力。
3284	HOMER\r\n\r\n你认真的吗？我还是糟糕透顶！
3285	ORESTES\r\n\r\n坚持是关键。继续思考策略。
3286	ORESTES\r\n\r\n你随时都能来找我要新卡。但别忘了，拿到新卡会提高演出时的风险等级。
3287	HOMER\r\n\r\n会吗？
3288	ORESTES\r\n\r\n当然！你讲的故事片段越多，讲述时出错的机会就越多。
3289	ORESTES\r\n\r\n这是有得必有失。你该怎样推进没有标准答案。但在你对润色和演绎的质量有信心前，别急着堆上太多卡。
3290	ORESTES\r\n\r\n我觉得我看到进步了！
3291	HOMER\r\n\r\n真的？对我来说一切都模糊成一团。我一直努力，却几乎看不出自己站在原地有什么变化。
3292	ORESTES\r\n\r\n朋友，别失去对缪斯的信念。她往往会启发那些愿意自我启发的人。
3293	HOMER\r\n\r\n这个……我不太明白。
3294	ORESTES\r\n\r\n换个角度想。你拿到一张新卡，把它加入故事时，那不会是你能讲出的最佳版本。
3295	ORESTES\r\n\r\n提升故事卡等级，意味着那部分故事会得到更好的润色；不管演绎如何，观众都会更喜欢它。
3296	ORESTES\r\n\r\n润色过的卡演绎得好，观众会比面对未经润色的卡更喜欢它。
3297	ORESTES\r\n\r\n润色过的卡即使演绎得差，观众好感受到的负面影响也不会像搞砸未经润色的卡那样严重。
3298	ORESTES\r\n\r\n试着升级你最喜欢的卡，看看有没有帮助！
3299	ORESTES\r\n\r\n等你觉得观众反响不错时，试着再加几张卡。
3300	ORESTES\r\n\r\n卡牌集越大，演出一开始观众就越兴奋。进度条会从部分填充开始！
3301	ORESTES\r\n\r\n当然，也要小心确保自己能驾驭新增的素材量。
3302	ORESTES\r\n\r\n几张安排得当、润色精良的故事卡，可能比一堆未经打磨的卡更有帮助。
3303	ORESTES\r\n\r\n我一直随机从奥德修斯人生的不同阶段给你卡。但你可能注意到了，这些故事在演出中并不是随机出现的。
3304	ORESTES\r\n\r\n每天我都会替你安排故事卡，把它们按奥德修斯征途中发生的顺序排列。
3305	ORESTES\r\n\r\n所以，只要从左到右查看卡牌集，你就能随时预览卡片的出场顺序。
3306	ORESTES\r\n\r\n今后规划升级策略时，记得考虑这套排序系统！
3307	ORESTES\r\n\r\n查看卡片时，右上角会有一个数字：I、II 或 III。
3308	ORESTES\r\n\r\n这就是卡片的篇幅等级，表示讲完那段故事需要多长时间。
3309	ORESTES\r\n\r\n你现在应该已经注意到，有些卡片的实际故事内容会在演出时分成多页。
3310	ORESTES\r\n\r\nI 级卡占一页，II 级占两页，III 级占三页。但与润色不同，篇幅等级无法改变。
3311	ORESTES\r\n\r\n获得一张 III 级篇幅卡，比获得 I 级卡有更多成功机会，但风险也更高。
3312	ORESTES\r\n\r\n拥有 III 级篇幅卡时，你能凭借好文字或好演绎打动观众的机会是三倍，但出错机会也同样是三倍。
3313	ORESTES\r\n\r\n留意卡片的篇幅等级，做好相应规划。
3314	ORESTES\r\n\r\n几天前我提过，演出时卡片的播放顺序会极大影响你的升级策略。
3315	ORESTES\r\n\r\n例如，你可以确保最早出场的卡片等级较高，让演出有个强势开局。
3316	ORESTES\r\n\r\n也可以升级最后出场的卡片，确保观众在高潮时最兴奋，让一切以高昂的情绪收尾。
3317	ORESTES\r\n\r\n不过，故事中段出现大幅低谷也不好。你不会想让观众在开头和结尾之间的段落里失去兴趣。
3318	ORESTES\r\n\r\n这些关键决定由你来做，要根据卡片在卡牌集中的位置及各自篇幅等级判断。有效的升级规划，可能决定一首诗只是不错，还是能真正伟大。
3319	ORESTES\r\n\r\n记住：当你把卡片升级到最高润色等级，它就会变得万无一失。
3320	ORESTES\r\n\r\n这意味着，除了把那段故事讲好会获得观众额外喜爱外，即使你讲述该段时出错，观众也不会失去兴趣。
3321	ORESTES\r\n\r\n那段故事讲得不好，仍然意味着你无法获得观众好感，但至少不会损失任何东西。
3322	ORESTES\r\n\r\n朋友，这就是真正好故事的力量。即使演出糟糕，也能让人着迷。
3323	ORESTES\r\n\r\n值得一提的是，奥德修斯的冒险非常漫长。
3324	ORESTES\r\n\r\n即使从比赛开始起，我每天给你三次卡，你也不可能及时收集并升级全部卡片。
3325	ORESTES\r\n\r\n因此，必须接受这个限制，选择自己认为能润色的卡片数量，同时让故事保持足够长度、引人入胜。
3326	ORESTES\r\n\r\n朋友，自从你开始参加比赛以来，你的诗成长得很不错。
3327	ORESTES\r\n\r\n但我看你有时在演出时仍然难以顺利念出台词。
3328	ORESTES\r\n\r\n别让这件事影响你。世上最好的表演者也会偶尔出错。这一切掌握在命运三女神手中。
3329	ORESTES\r\n\r\n所以真正伟大的表演者都会有备而来。他们带着大量素材，并尽可能把它们润色到最好。
3330	ORESTES\r\n\r\n如果你觉得演出无法赢得足够观众喜爱，试着增加或润色更多内容。即使朗诵极其出色，素材薄弱也会限制你的表现。
3331	ORESTES\r\n\r\n荷马，大消息。有几个人已经写完他们的诗了。
3332	HOMER\r\n\r\n真的吗？他们为什么不多花点时间打磨素材？
3333	ORESTES\r\n\r\n谁知道呢？也许他们赶着截止日期有别的事，或者只是想获得比所有人都更早完成的关注。
3334	ORESTES\r\n\r\n现在的热门人选似乎是一个叫伊索的年轻后起之秀。
3335	ORESTES\r\n\r\n他写了某部作品的早期版本，称之为“寓言”。我没赶上他的演出，但听说内容是动物惹上麻烦，再互相传授教训。
3336	ORESTES\r\n\r\n听说孩子们特别喜欢。评委给了他 75 分观众评价。所以你现在要超过的目标就是这个分数。
3337	HOMER\r\n\r\n好吧，我想我能做到。谢谢你，俄瑞斯忒斯。
3338	ORESTES\r\n\r\n还记得我说过要超过 75 分吗？
3339	HOMER\r\n\r\n记得……
3340	ORESTES\r\n\r\n那已经变了。听说有人叫埃斯库罗斯，写出了一个精彩绝伦的故事。
3341	ORESTES\r\n\r\n我听到了结尾，悲剧得令人难以置信。全场没有一双眼睛不含泪。他还做了件我从没见过的事：让不同的人分别扮演不同角色。称之为“戏剧”。
3342	ORESTES\r\n\r\n这人傲慢至极，竟亲自登台公开向缪斯祈祷，请求自己的儿子和孙子像他一样成为伟大的说书人。现场还闪过一道雷光，所以我觉得愿望可能实现了。
3343	HOMER\r\n\r\n那评委给了他多少分？
3344	ORESTES\r\n\r\n85 分。所以你截止前的新目标就是达到这个分数。祝你好运！
3345	ORESTES\r\n\r\n荷马。荷马。
3346	HOMER\r\n\r\n不会吧。又来。
3347	ORESTES\r\n\r\n对不起，荷马。我不知道我们还能不能赢。
3348	HOMER\r\n\r\n有那么好吗？
3349	ORESTES\r\n\r\n这是我听过最雄心勃勃的故事。应有尽有：诸神、世界的创造，还有各种历史。
3350	HOMER\r\n\r\n哇。那可能比我们的还史诗。
3351	ORESTES\r\n\r\n已经有人说，他的诗篇会庞大到重新定义讲故事的方式。诗人赫西俄德凭这部作品拿到了评委 95 分。
3352	HOMER\r\n\r\n这目标也太难超越了。也就是说，我们必须超过 95 分才能赢得比赛？
3353	ORESTES\r\n\r\n是的。抱歉，荷马。但往好处想，除了你以外所有参赛者都已交稿，不会再有令人不快的惊喜。至少现在你知道目标了。
3354	ORESTES\r\n\r\n你还有明天，以及正式演出当天。总共有六次机会，尽力做出改进。
3355	HOMER\r\n\r\n好吧，我会尽力的。
3356	ORESTES\r\n\r\n好了，荷马。明天是你的最后一天。
3357	ORESTES\r\n\r\n仔细研究你已有的内容，把剩余时间花在你认为帮助最大的地方。
3358	ORESTES\r\n\r\n别忘了，一切仍可能发生。不要躺在功劳簿上睡大觉，因为一位不开心的神明可能让你今天在某句昨天背得滚瓜烂熟的台词上绊倒。
3359	ORESTES\r\n\r\n确保你的素材尽可能完美。
3360	HOMER\r\n\r\n谢谢你在整个比赛期间为我做的一切，俄瑞斯忒斯。没有你，我不可能走到今天。
3361	ORESTES\r\n\r\n这是我的荣幸。
3362	ORESTES\r\n\r\n愿阿波罗向你展露微笑。
3363	ORESTES\r\n\r\n有意思。你想在比赛结束后继续润色？
3364	HOMER\r\n\r\n你自己也说过，奥德修斯的冒险有太多内容可讲。让我们确保把它讲好。
3365	ORESTES\r\n\r\n听起来不错！
3366	HOMER\r\n\r\n我可能想加入其他视角，比如留在伊塔卡的忒勒马科斯和佩涅洛佩，或者奥林匹斯的诸神。
3367	HOMER\r\n\r\n也许我还可以打乱时间线，加些倒叙，让故事更有趣。
3368	ORESTES\r\n\r\n听起来太棒了！
3369	HOMER\r\n\r\n但我不确定现在的能力能否驾驭脑海中那样复杂的叙事结构。我们先试着做点不同的吧。
3370	ORESTES\r\n\r\n嗯，我们可以根据我之前的研究对象写一首诗。
3371	HOMER\r\n\r\n哦？那首诗讲什么？
3372	ORESTES\r\n\r\n你对阿喀琉斯和特洛伊战争了解多少？
2691	向缪斯祈祷
2692	说书人向诗歌女神祈求灵感。这些故事的开篇诗句，注定会成为历史上最著名的文字之一。
2695	缪斯，你在吗？我是荷马。如果你有空，我想听听奥德修斯的故事。我打算讲他的故事赢下诗歌比赛，但你知我知，我其实对这家伙一无所知。
2697	缪斯，请为我歌唱那位聪明绝顶的人，他能迎接任何挑战、击败任何敌人。他先用机谋摧毁特洛伊城，随后踏上前往诸多异乡的宏大冒险，只是成功程度各有不同。
2699	歌唱吧，缪斯，歌唱那位足智多谋的英雄；他劫掠了著名的特洛伊城，此后远游四方。他访问过许多城市，也见识过许多民族的风俗与礼仪。
2703	特洛伊木马
2704	与特洛伊交战十年后，奥德修斯想出一计：把几名强壮的士兵藏进献给诸神的巨大祭品里。特洛伊人不愿亵渎神明，定会把它运进城中。到了夜里，伏兵便能溜出来，打开城门……
2705	特洛伊人把木马运进了城。他们觉得这东西看起来酷极了。
2706	“这件圣物将成为我们城市的象征！”特洛伊国王普里阿摩斯说，“从今往后，只要有人想到特洛伊，就会想到这匹马！”
2707	事实证明，他说得没错。
2708	特洛伊人把木马运进城后，一时不知该拿它怎么办。
2709	有人想毁掉它，有人想把它赶出城，还有更多人想找架梯子爬到马背上去。
2710	于是特洛伊人把这匹巨大的木马改造成了嘉年华游乐项目，收钱让人骑上去。它带来了大笔收入，但好景不长。那天夜里，希腊人从马里跳出来杀光了所有人，还拿走了游乐项目的利润，心想木马既然是他们造的，收益当然也该归他们。
2711	特洛伊人亲自把木马拖进堡垒；它立在那里，而他们围坐商议，面对它举棋不定。
2712	有人主张当场把它拆掉；有人想把它拖到堡垒所在的岩顶，再推下悬崖；还有人认为应让它留在那里，作为献给诸神的祭品。
2713	他们最终如此处置，因为城池一旦接纳那匹木马便已注定覆亡；马腹之中，藏着希腊人最勇猛的战士，正等待给特洛伊人带来死亡与毁灭。
2714	食莲者之地
2715	奥德修斯和他的部下抵达一片宁静的土地，当地人以一种会带来奇异效果的植物为食。
2716	奥德修斯的一些部下吃下了莲花。很快，他们强烈想听迷幻摇滚、购买黑光海报，然后躺着看自然纪录片。
2717	奥德修斯完全不明白这意味着什么。但他看得出必须做点什么。尝过莲花的人都不想离开，于是他强行把他们拖回船上，立刻离开了小岛。
2718	奥德修斯的部下开始吃莲花，发现味道居然好极了。他们一致决定要永远住在这座岛上。
2719	然而这提议对奥德修斯毫无吸引力；他看出莲花对部下施加了奇异力量，便把他们连踢带拽、哭喊着拖回了船上。
2720	莲花美味无比，吃过的人便不再挂念故乡，甚至不愿回去告知遭遇；他们只想留下来，与食莲者一起大嚼莲花，完全不再思量归期。
2721	然而他们虽痛哭流涕，奥德修斯仍把他们强押回船，并将他们绑在座板下。随后他命其余人立刻上船，免得有人尝到莲花，便不再想回家。
2722	独眼巨人之洞
2723	奥德修斯被困在食人独眼巨人波吕斐摩斯的洞穴里。他自称“无人”，随后刺瞎巨兽的一只眼睛。怪物的同伴来到洞口查看情况。
2724	“波吕斐摩斯，出什么事了？”他的朋友问道，“是不是有个狡猾的冒险家骗你叫他‘无人’，然后刺瞎你的眼睛，就盼着你说‘无人’在攻击你，好让我们以为你是说‘没有人’在攻击，转身离开？”
2725	“呃，确实是这样。”波吕斐摩斯说，“但你解释得这么清楚，这一幕也就没什么有趣的可做了。”
2726	“哦。嗯，你说得好像有道理。”
2727	“怎么了？”独眼巨人的朋友问，“你是不是吃了辣椒之类的东西？”
2728	波吕斐摩斯吼了回去，此时他有点恼火，因为他其实很喜欢辣椒，正盼着来一根。“啊！无人！不是辣椒！”
2729	“好吧，既然你没吃辣椒，我也想不出还有什么毛病。周日来独眼巨人乔家见。”说完，其他人便走了。
2730	“难道没有人用诡计或武力要杀你？”独眼巨人的朋友问。
2731	但波吕斐摩斯在洞内冲他们喊道：“无人正用诡计杀我！不是用武力杀我！”
2732	“那么，”他们说，“既然没有人攻击你，你一定是病了。宙斯让人得病时，谁也没办法。”他们离开了，奥德修斯则在心中暗笑自己的妙计成功。
2733	独眼巨人的诅咒
2734	逃离食人独眼巨人波吕斐摩斯后，这位海神波塞冬之子向苍天哭诉，诅咒英雄及其远征。
2735	“父亲波塞冬，”波吕斐摩斯哭喊道，“我知道你是神，也很忙，可你最近都不陪我。你错过了我最近三次生日派对，而且每次都好玩极了：有蛋糕、蹦床屋，什么都有。总之，如果你爱我，请杀了奥德修斯。至少看在我的份上，让他倒点霉吧。
2736	波塞冬觉得，这点忙他还是帮得起的。
2737	“听我说，父亲波塞冬！”波吕斐摩斯喊道，“你是海神，奥德修斯又要在海上航行。你要在他的旅途中制造点混乱，应该很容易吧。朝他那边掀一两道浪，搅合一下！”
2738	波塞冬回答：“只要是为了你，我亲爱的儿子，什么都行。”
2739	“听我说，伟大的波塞冬！”波吕斐摩斯哭喊道，“若我真是你亲生的儿子，就让奥德修斯永远活着到不了家；若他终究要回到朋友身边，也让他在失去所有部下后，迟迟归来、饱受苦难吧！”
2740	他如此祈求，波塞冬听见了他的祷告。
2741	海之称谓
2742	诗人为浩瀚海洋构思了一个修饰语，后来这个词以非同寻常的力量与创造力闻名。
2743	我本可以告诉你大海是什么样，可我是盲人，从没见过海。它是什么颜色？红色？
2744	风吹过海面，海看起来像我夜里的浴缸。我不怎么出门。
2745	清新的西风在酒色的海面上歌唱。
2746	埃俄罗斯之风
2747	魔法之王埃俄罗斯给了奥德修斯一个封严的袋子，把世间所有狂风困在其中，以确保航程顺遂。当奥德修斯的船抵达故乡，贪心的船员打开了魔法袋……
2748	结果袋里的宝物根本不是宝物。除非你把极强的风也算宝物，我想许多水手确实会这么认为。可惜这股强风吹错了方向，把他们送回了出发的埃俄罗斯之岛。
2749	奥德修斯本想让每个船员都为这次失误走跳板受罚，但转念一想，要是这么做，他就没人替自己开船了。于是他作罢。
2750	船员打开袋子，立刻知道自己闯了祸。巨大的风柱呼啸而出，把船吹得倒飞，径直朝他们来时的方向退回去！
2751	“我们差一点就到了！”奥德修斯喊道。但他在船长舱里独自哭了几个小时后，还是走出来决定继续前进。这只是又一道必须跨越的障碍，他不会让任何事阻止自己回家。
2752	他们解开袋口，狂风怒号而出，掀起暴风雨，将他们哭喊着卷回大海，远离自己的国土。奥德修斯醒来时，不知该投海自尽，还是活下去接受命运。
2753	但他忍住了，裹紧自己，躺在船中；船员们悲恸不已，凶猛的风把舰队吹回埃俄罗斯之岛。
2754	岩上十去其九
2755	奥德修斯的舰队抵达拉斯特律戈涅斯人的土地，却发现他们是一族食人的巨人。成群巨兽伏击奥德修斯的部下，船只也遭到附近悬崖的攻击。
2756	拉斯特律戈涅斯人突然袭击了奥德修斯和他的部下！这实在太不友善了，奥德修斯当场指出了这一点。
2757	“这不公平，”他说，“我们还没准备好。重来一次，但这回跳出来攻击前先数到三。”
2758	拉斯特律戈涅斯人照做了，却仍杀死了奥德修斯几乎所有部下，摧毁了他的全部船只。只有奥德修斯自己的船毫发无伤地逃了出去。
2759	无数怪物从四面八方跳出，开始发动攻击。它们庞大、非人，而且闻起来也不怎么样。奥德修斯听见四周濒死部下的哭喊，以及舰队中许多船只受损时发出的可怕撞击声。
2760	原来拉斯特律戈涅斯人一直从附近的悬崖上投掷巨石，正中奥德修斯的舰队。他赶到停泊在附近的自己的船上，叫部下拼命划船。
2761	他们抵达开阔水域时全都松了口气，可回头一看，舰队中竟没有另一艘船逃出来。那天奥德修斯几乎失去了所有部下。
2762	成千上万强悍的拉斯特律戈涅斯人从四面八方跃起——是食人魔，不是人。他们从悬崖掷下巨石，仿佛只是寻常石块；奥德修斯听见船只彼此撞碎的可怖声响，也听见部下的惨叫。拉斯特律戈涅斯人把他们像鱼一样刺穿，带回家去吃。
2763	野兽们在港内屠杀部下之际，奥德修斯拔剑割断自己船的缆绳，吩咐船员若不想落得同样下场，就竭尽全力划船；于是他们为活命拼命前进。
2764	奥德修斯和自己船上的船员逃到开阔水域，终于远离了砸向我们的巨石，着实松了口气。至于其他船，已经一艘不剩。
2765	喀耳刻的黑魔法
2766	奥德修斯和部下抵达一座未知岛屿，看见炊火冒出的烟。几名部下前去查看，找到了女神喀耳刻。他们进屋赴宴，却不知女神另有打算。
2767	船员们进屋后，注意到各种奇怪东西——冒泡的大锅、诡异药剂、尖顶黑帽，甚至还有几只会飞的猴子。但他们从没看过《绿野仙踪》，所以毫不在意。很快，喀耳刻施法把他们变成了猪。
2768	出乎所有人意料，他们居然觉得猪的生活比做人更好。有充足食物，有大把时间在猪圈里闲躺，也不用洗澡。他们只希望奥德修斯别来救自己。
2769	喀耳刻邀请船员入内，做了一顿看起来美味的晚餐。当然，他们无尽航行早已疲惫，船上又只有干硬面包，于是立刻把食物一扫而空。他们没意识到喀耳刻在食物里动了手脚，很快便变成了猪！
2770	喀耳刻把新宠物锁进猪圈，盘算着第二天早上的早餐。“我想给自己加一份培根，”她咯咯笑道。
2771	她把他们带进屋，安排他们坐在长凳和座位上，端上奶酪、蜂蜜与普拉姆尼亚葡萄酒，却在其中加入邪恶药剂，让他们忘记故乡；他们喝下后，她挥动魔杖把他们变成猪，再将他们关进猪栏。
2772	他们变得和猪一模一样——连头发都不例外，哼哼声也与猪无异。但他们的感官仍和从前一样，记得发生过的一切。
2773	百咒不侵的奥德修斯
2774	奥德修斯的部下被女神喀耳刻变成了猪。奥德修斯带着神明赫尔墨斯赠予的解药拜访喀耳刻；他对她的魔法毫无反应，令女神大为惊讶。
2775	“你的身体不受我的法术影响，”喀耳刻说，“早知道我在霍格沃茨就该认真听课。
2776	“既然你来了，要不要吃点东西？来份香脆培根怎么样？”
2777	“你喝下那药剂怎么会一点感觉都没有？”喀耳刻惊奇地问，“你一定对法术免疫。
2778	“赫尔墨斯总说会有个叫忒勒马科斯的人来……等等，那是后面的事。不，你一定就是奥德修斯！进来吧，我们把你的猪人放出来。”
2779	“从来没有人，”喀耳刻说，“能只尝一口我给你的药草还安然无恙。你真是百咒不侵！
2780	“你一定就是勇敢的英雄奥德修斯，赫尔墨斯总说他有一天会乘船来到这里，从特洛伊返乡。”
2781	忒瑞西阿斯的预言
2782	奥德修斯远行至冥界后，与先知忒瑞西阿斯的灵魂交谈，窥见了自己征途的未来。
2783	忒瑞西阿斯说：“嗯，我确实看见了你的未来，奥德修斯，但你不会喜欢。就说到这儿吧。大致做好最坏打算，再盼最好的结果。收费四枚金币。”
2784	“你也许能摆脱这场麻烦，”忒瑞西阿斯说，“但你会在失去所有部下后，羞愧而狼狈地回到家。那部分或许别告诉他们，不然他们听说后可能就不愿继续跟着你了。总之，祝你好运！”
2785	“即使你本人能够逃脱，”幽魂说，“你也会在失去所有部下后，凄惨地回到家中；而你的家宅将遭逢祸患。傲慢之人会霸占那里，一边吞食你的粮食财产，一边逼迫你的妻子改嫁。”
2786	阿伽门农的忠告
2787	奥德修斯远行至冥界后，与特洛伊战争中希腊军队的首领阿伽门农的灵魂交谈。阿伽门农归家时被自己的妻子杀害；如今，这位亡魂给出的忠告日后将派上大用场。
2788	“你的故乡有人等着你回来，好把你杀掉，”阿伽门农说，“我也遇到过同样的事。糟透了。我不推荐。”
2789	“听我的，”阿伽门农说，“回到伊塔卡时，别让任何人看见你靠岸，再乔装打扮一番，让谁也认不出你。最后揭露身份时，这会是个特别好笑的恶作剧。”
2790	“把这番话记在心里，”幽魂说，“不要告诉别人你何时驾船回到故乡伊塔卡，要悄悄潜入陆地——毕竟，谁也不能相信。”
2791	阿喀琉斯的哀叹
2792	奥德修斯来到冥界，遇见了有史以来最勇猛、最强大的战士阿喀琉斯的幽魂。
2793	“阿喀琉斯，你是所有希腊人中最优秀的士兵，”奥德修斯说，“而且在这下面你似乎也是个大人物。你真幸运！”
2794	“嗯，我猜冥界也没那么糟，”阿喀琉斯说，“我参加了网球俱乐部，球技越来越好了。有时哈迪斯和珀耳塞福涅出城，我还替他们照看刻耳柏洛斯。但说真的，这里无聊透顶！奥德修斯，快把我弄出去。”
2795	“你有什么好难过的？”奥德修斯问，“活着时你是最伟大的希腊战士，如今又是亡者中的王子。从来没人像你这么幸运。”
2796	“你管这叫幸运？”阿喀琉斯说，“这里糟透了。根本没东西吃——只有外质。而整个哈迪斯只有一个厕所。一个！队伍长得没边，我从特洛伊战死后就一直憋着尿。”
2797	“至于你，阿喀琉斯，”奥德修斯说，“从没有人比你更幸运，也不会有人胜过你：活着时，所有希腊人都敬爱你；如今来到这里，你仍是亡者中的大王子。所以，即便身死，也不必太过悲伤。”
2798	阿喀琉斯回答：“别再说死后的好话了。我宁愿活着，在穷人的家里做仆人，也不愿在亡者中做众王之王。”
2799	塞壬之歌
2800	奥德修斯和船员必须驶过塞壬出没之处；她们的歌声能让人发疯。奥德修斯用蜡堵住船员的耳朵，只有他独自听见那充满诱人承诺、令人无法抗拒的旋律。
2801	“来和我们一起玩吧，奥德修斯。永远、永远、永远……”
2802	“听我们的歌吧，”塞壬唱道，“歌里讲的是特洛伊和你的伟业，奥德修斯。留下来吧，我们会无穷无尽地讲述你自己的英雄事迹。”
2803	“从来没有人，”塞壬唱道，“航行经过我们身边却不留下聆听歌声的迷人甜美——我们知道诸神在特洛伊之前降给希腊人与特洛伊人的一切苦难，也能告诉你全世界将要发生的一切。”
2804	雅典娜的称谓
2805	诗人用特定的修饰语描绘战术战争女神雅典娜的双眼，以展现她的机敏与沉着。
2806	那天雅典娜锐利的双眼闪闪发光。她刚睡醒，眼角还沾着一点眼屎，但没人忍心告诉她。
2807	雅典娜的双眼如铁般坚毅，帮助奥德修斯踏上征途。
2808	灰眼的雅典娜送来顺风；清新的西风在酒色的海面上歌唱。
2809	斯库拉
2810	奥德修斯和部下不得不驶过斯库拉的巢穴。这头六首怪物会抓走任何经过洞穴的人或物。
2811	斯库拉从船上抓走奥德修斯的六名部下，把他们吃掉，却发现自己还是没饱。她本来在节食，但觉得今天值得放纵一下，于是又抓了六个。
2812	转眼间，斯库拉的头颅从洞穴探出，长长的脖子像触手一般。奥德修斯眼看六名最优秀的部下被拖过空中，送进上方悬崖的洞穴。天哪，太惨了！
2813	斯库拉突然扑向他们，抓走奥德修斯最优秀的六名部下。顷刻间，他看见他们的手脚在高空挣扎，斯库拉正把他们带走；他听见他们最后绝望地呼喊他的名字。
2814	囚禁
2815	失去所有同伴后，奥德修斯最终来到女神卡吕普索的岛上，被她留在那里七年。尽管她满怀爱意，奥德修斯仍日复一日渴望回家。
2816	卡吕普索飞快地问了奥德修斯一百遍：“你难道不想留在这里吗？”他每次都迅速回答不。突然她改问：“你难道不想回家吗？”奥德修斯想也没想就说不。
2817	“哈！被我套出来了！”卡吕普索说，“现在你得留在这里！”
2818	卡吕普索在岛上到处寻找奥德修斯，终于发现他在海岸哭得肝肠寸断。“别哭了，”她说，“你这样让我为绑架你感到内疚！”
2819	这个理由虽然颇有说服力，他还是停不下来。
2820	卡吕普索发现他坐在海滩上，双眼泪流不止，因极度思乡而日渐憔悴。
2821	他日复一日坐在岩石和海岸边，哀哭悲号，永远凝望着大海。
2822	诸神会议
2823	奥德修斯被女神卡吕普索囚禁七年后，雅典娜终于向父亲、众神之王宙斯求情，请他释放奥德修斯。
2824	“奥德修斯已经在那座岛上待了七年，”雅典娜说，“我们不帮他逃走，荷马还怎么写完这个故事？”
2825	宙斯沉思道：“嗯，你说得对。关押好多年可写不出什么刺激的冒险故事。也许诗人可以玩玩倒叙，不必把这段从头到尾讲完。”
2826	“看看他，”雅典娜说，“整天只会坐在那里哭。我再也受不了了。我们不能为他做点什么吗？你可是众神之王，送他一条船什么的总能办到吧。”
2827	“好啦好啦，”宙斯说，“我会帮他离开小岛。但方法必须尽可能曲折复杂，否则我不干。”
2828	“他就在那里，”雅典娜说，“痛苦地躺在卡吕普索居住的岛上，她不肯放他走。他也回不了故乡，因为找不到船和水手载他渡海。”
2829	宙斯对儿子赫尔墨斯说：“赫尔墨斯，你是我们的使者，去告诉卡吕普索：我们已下令，让可怜的奥德修斯回家。”
2830	卡吕普索的警告
2831	囚禁奥德修斯七年后，女神卡吕普索终于允许他乘船回家。然而在他离开小岛前，她还发出最后的警告，想劝他留下。
2832	“她是谁？”卡吕普索问，“另一个女人是谁？我知道你背着我偷情！等等，是我把你囚禁了，而你本来就有妻子。嗯……场面有点尴尬。好吧……我敢说她肯定很丑！你还是和我待在一起吧。”
2833	“好啊，那你走吧！”卡吕普索说，“我已经放下了。看，我把你的联系方式从手机里删了。什么是手机？我们神明有手机，几千年后你就懂了。转念一想，只要你留下，我可以送你一部。求你留下！求你了！”
2834	“愿好运与你同在，”女神说，“但要是你知道回到故乡前还要受多少苦，就会选择留在这里。”
2835	波塞冬之怒
2836	海神波塞冬因奥德修斯试图从海上逃走而怒不可遏，掀起了滔天风暴。
2837	“我真的很生气！”波塞冬愤怒地说。他的怒火非常……怎么说来着？生气。
2838	“喂，你！”波塞冬喊道，“滚出我的海！这是私人领地。”波塞冬狠狠一拳打在奥德修斯身上，打碎了他的木筏，让他漂在海里。那一下疼得要命，奥德修斯回家后不得不用两张创可贴。
2839	波塞冬抓起三叉戟，在海中搅动起来。它摧毁了奥德修斯的船，制造出骇人的洋流。但这位神也不知道自己的力气有多大，很快不只是奥德修斯，整片海洋的一切都在巨型漩涡中旋转。
2840	那一刻奥德修斯看见了地球上的每一块大陆，甚至成了第一个看到北美洲的欧洲人。但整场经历太可怕，他很快就把这事忘了。
2841	于是那位神聚拢乌云，紧握三叉戟，在海中搅动，唤起所有吹拂的狂风；直到大地、海洋与天空都被云层遮蔽，黑夜从天穹骤然降临。
2842	巨浪以骇人的怒涛越过奥德修斯，木筏再次摇摆，他被冲出船外，漂到很远的地方。他松开舵柄，飓风的力量如此巨大，竟把桅杆从中折断，帆与帆桁一同坠入海中。
2843	撕裂的双手
2844	奥德修斯在海上逃避波塞冬的狂怒时，紧紧抓住一块岩石。然而海浪太过猛烈，他抓住崎岖岩面的位置皮肉尽裂。
2845	奥德修斯与洋流搏斗时抓住一块岩石，以为自己胜过了波塞冬。“哈！”他说，“海神，你能拿我怎么办？”但海神确实做了点什么，而且疼得厉害。
2846	奥德修斯抓住岩石，竭尽全力不肯松手。但巨浪轰然压下，将他连人带石卷走，任凭他如何用力也无济于事。他的双手被撕得血肉模糊，鲜血与海水混在一起。幸好附近没有鲨鱼！
2847	奥德修斯双手抓住岩石，痛苦地呻吟着紧紧攀附；不久一阵巨浪袭来，把他带回海中，远远卷离岩石。它撕裂他的双手，仿佛有人从海床拔起章鱼时，触手吸盘被生生扯开，连石块也被带了起来。
2848	渴望荣光
2849	征服特洛伊后，奥德修斯回乡却遭受多年苦难；眼看还有机会赢得荣光，他不禁希望自己当时已战死沙场。
2850	“要是我死在特洛伊就好了，”奥德修斯想，“我可以买份人寿保险，让佩涅洛佩和儿子忒勒马科斯拿到一大笔钱。
2851	“或者更好：我可以假死，赚上几百万，退休后躲到遥远的小岛上。嗯，这主意得记着，说不定以后用得上。”
2852	“那些死在特洛伊的人真是赢麻了，”奥德修斯说，“历史会永远记住他们的名字。
2853	“而我呢，为了回到故乡伊塔卡拼死拼活。结果又如何？谁会记得我，记得我的故事？要是我死在那里反而更好——至少那样我会成名！”
2854	“死在特洛伊城前的希腊人真幸运，”奥德修斯说，“我现在真希望自己死在特洛伊人围攻我、争夺阿喀琉斯遗体的那一天。
2855	“那样至少我能得到应有的葬礼，希腊人也会尊奉我的名字。如今看来，我只会落得一个可悲的结局。”
2856	向瑙西卡求情
2857	奥德修斯在征途中被囚禁七年后，终于漂到费阿刻亚人的海岸。附近恰好有公主瑙西卡，他使出浑身魅力，发出绝望的请求。
2858	“求求你，求求你，求求你，求求你，求求你，求求你，求求你，求求你！”奥德修斯说。
2859	“美丽的姑娘，我是这里的陌生人，”奥德修斯说，“别在意我没穿衣服。木筏失事时，狂暴的海浪把我的衣服全扯走了。等等，你为什么要跑？”
2860	“女王啊，”奥德修斯说，“请怜悯我，因为你是我遇到的第一个人，我在这个国家谁也不认识。请指给我通往城镇的路。愿上天让你心想事成。”
2861	失友之忆
2862	奥德修斯来到费阿刻亚国王阿尔喀诺俄斯的宫殿。国王请一位歌者吟唱特洛伊英雄的故事，听到失去同伴的往事，奥德修斯再也无法抑制情绪。
2863	奥德修斯听着歌者的歌，忍不住悄悄流下几滴眼泪。
2864	国王看见他哭了，便说：“大家快看！这家伙哭了！真是个窝囊废！”宾客们哄堂大笑，奥德修斯羞愧难当。
2865	歌者唱起歌曲，奥德修斯感到无比悲伤。他不想让任何人看见自己哭，于是把一把勺子掉到桌下。
2866	这正好让他可以钻到桌布下面偷偷掉泪。可他起身时撞到了脑袋。哎哟！
2867	歌者如此吟唱，奥德修斯便把紫色斗篷拉过头顶遮住脸，因为他不愿让费阿刻亚人看见自己哭泣。
2868	歌者唱罢，他擦干眼泪，露出面容，举杯向诸神献酒。
2869	奥德修斯讲述他的故事
2870	奥德修斯来到费阿刻亚国王阿尔喀诺俄斯的宫殿后，被请去讲述自己的故事。
2871	“我可是个相当受欢迎的人，”奥德修斯说，“有位女神想让我娶她，但我只能拒绝。后来一位仙女太喜欢我，把我留在她身边七年。可我就是不想被拴在一个地方，你懂的？所以我逃了出来。
2872	“我想回家，睡在自己的床上。如果非得被拴在哪儿，我宁愿拴在那里。”
2873	“先后有两位魔法女子纠缠我，”奥德修斯说，“她们都想把我留在岛上、娶我为妻。先是女神喀耳刻，然后是仙女卡吕普索。我把她们都拒绝了。
2874	“无论她们多么美丽，无论能给我多么辉煌的魔法礼物，都比不上回到家中的爱。现在，让我讲讲从特洛伊回家时经历的冒险。”于是奥德修斯讲起了他的故事。
2875	奥德修斯说：“女神卡吕普索把我留在她的洞穴里，想让我娶她；狡黠的埃埃亚女神喀耳刻也同样如此。但她们谁都没能说服我。
2876	“因为对人而言，没有什么比自己的国家和父母更亲爱。无论异乡的家多么华丽，只要远离父母，他便不会留恋。然而现在，我要讲述自己奉宙斯之意从特洛伊归来时遭遇的诸多险难。”奥德修斯就这样向费阿刻亚人讲述了他的故事。
2877	为瑙西卡辩护
2878	奥德修斯在费阿刻亚国王阿尔喀诺俄斯的宫殿讲完征途后，国王想斥责女儿瑙西卡，怪她没把这位非凡之人直接带来。但奥德修斯出面替她解围。
2879	“这是我听过最棒的故事！”阿尔喀诺俄斯惊叹道，“要是把它放进什么诗歌比赛，肯定能拿第一。除非评委全都没脑子。瑙西卡为什么不早点把你带来？”
2880	“这不是她的错，”奥德修斯回答，“我没把故事讲得那么详细，所以她大概没领会你听出的全部复杂之处。但你说比赛那句倒是真的，睿智的国王。这故事参加任何诗歌比赛都该赢。”
2881	阿尔喀诺俄斯说：“你刚才讲的故事太惊人了！瑙西卡见到你时，竟没立刻把你带来。那姑娘人呢？她真该好好反省。”
2882	“请别怪她，”奥德修斯说，“她情有可原：我在遇见她之前被海上风暴冲到岸边，身上的衣服全被撕掉了。要是你是独自在林中行走的年轻姑娘，一个裸体男人从灌木里跳出来，你也会有点怀疑。”
2883	阿尔喀诺俄斯对奥德修斯说：“陌生人，我女儿没有立刻和侍女一起把你带到我家，实在大错特错；毕竟你求助时，她是第一个遇到的人。”
2884	“请不要责骂她，”奥德修斯答道，“她确实叫我跟侍女们一起走，但我既羞愧又害怕，担心你见到我会不高兴。每个人有时都会有点多疑、易怒。”
2885	奥德修斯的反驳
2886	奥德修斯作为阿尔喀诺俄斯的客人观看体育比赛时，被一名贵族嘲笑，说他身体不适合运动。
2887	“你竟敢侮辱我？”奥德修斯说，“我不算最好的运动员又怎样？不是每个人都擅长同样的事。
2888	“有人身体弱却很聪明；有人外表好看，实际上却是个蠢货。就拿你来说吧。
2889	“顺便说一句，我曾在特洛伊作战，是希腊军队里最出色的战士之一。所以我不但比你聪明，还比你强壮。这样一来，你还剩什么？”那人回家重新思考了整个人生。
2890	“你真该感到羞耻，”奥德修斯说，“没错，诸神没有给每个人同样的天赋。
2891	“有人软弱，却讨人喜欢；有人相貌英俊，却头脑简单。
2892	“比如你。你看着人模人样，脑子却笨得像块石头。”
2893	“真可耻，先生，”奥德修斯厉声回答，“你真是个傲慢的家伙。诸神确实不会赐予所有人同等的口才、容貌与智慧。
2894	“有的人仪表平平，上天却赐他妙语连珠，令所见之人无不倾心。
2895	“另一个人可能俊美如神，却没有审慎为他的美貌加冕。这说的就是你。没有哪位神能造出比你更英俊的男子，可你偏偏是个傻瓜。”
2896	黎明的称谓
2897	诗人用一个小小的瞬间，构思出描写清晨爬过地平线、向大地洒下温暖光芒的经典方式。
2898	太阳升起来了。真漂亮。
2899	黎明带着红光越过地平线。
2900	玫瑰指尖的黎明，清晨之女，现身了。
2901	归乡
2902	历经十年险恶漂泊，奥德修斯终于抵达故乡伊塔卡。费阿刻亚人的船把他留在岸上；起初他认不出这片土地，还以为又是一场危险冒险。
2903	载他回家的船上，奥德修斯睡着了；船员把他放在海滩上，趁他醒来前便离开了。他一定累坏了！
2904	奥德修斯终于醒来，环顾故乡伊塔卡，却什么也认不出来。
2905	“好吧，”奥德修斯叹道，“现在我没船、没船员，还漂在一片陌生土地上。我想自己以前也遇到过更糟的情况。”抱着这种积极心态，他站起身，寻找城镇。
2906	奥德修斯在故乡的土地上醒来。但女神雅典娜让这天雾气弥漫，使他认不出眼前的景色。
2907	一切笼罩在雾中，看起来都不一样。过去他能认出祖国的每条道路、每座港口和山脉，如今却什么也辨认不出。
2908	奥德修斯懊恼地拍着大腿。“又来了！我又漂到了一座陌生小岛。这里的人会善良还是残酷？我得杀出一条路吗？”他浑然不知自己走运，只能沮丧地沿岸徘徊。
2909	奥德修斯再次在自己的土地上醒来。他离乡太久，竟认不出它。更何况，宙斯之女雅典娜让这天雾气弥漫，不愿让人知晓他已归来。
2910	因此，一切在他眼中都大不相同。他起身望向故土，笔直的长路、港湾、悬崖与繁茂的树木，仿佛全都改变了模样。
2911	于是他用手掌拍打大腿，绝望地高声喊道：“唉！”他叫道，“这里住着怎样的人？他们野蛮未开化，还是热情而仁慈？”他在轰鸣的海岸边来回踱步，为自己的悲惨命运哀叹。
2912	阿尔戈斯的忠诚
2913	奥德修斯乔装回到故乡后，猪倌欧迈俄斯带他参观自己的庄园。奥德修斯认出了忠犬阿尔戈斯：他出征特洛伊时，阿尔戈斯还年轻健壮，如今却衰老消瘦。
2914	“看见那条狗了吗？”奥德修斯隔着伪装问道，“告诉我他的事。”
2915	“哦，那是阿尔戈斯。奥德修斯以前很爱他，可如今只剩一副皮包骨。求婚者们整天把他拴在那里，也没人清理他待的地方，地上全是狗屎。”
2916	“嗯。应该有人去把那里清理干净，再喂喂他。”他们照做了。狗狗从此过上了幸福生活。
2917	“那边那条狗是谁的？”奥德修斯隔着伪装问，“趴在粪堆上的那条邋遢狗。他看起来是条好猎犬。”
2918	“真没想到你会这么形容阿尔戈斯，”欧迈俄斯说，“毕竟他确实邋遢，而且身下还有粪便。年轻时他是我王奥德修斯的狗，同窝中最出色的一只；如今主人不在，没人照料他。”
2919	猎犬阿尔戈斯即使隔着伪装也认出了主人。两人走进屋后，忠犬仿佛一直苦撑着生命就为等候这一刻，终于含笑死去。
2920	“欧迈俄斯，”奥德修斯隔着伪装说，“那边粪堆上的猎犬多么高贵，体格也很棒。他看起来这么精神，实际也是如此吗？”
2921	“这条猎犬，”欧迈俄斯回答，“属于一个流落远方的人。要是奥德修斯出征特洛伊时他还是原来的样子，他很快就会让你见识本领。可如今主人不在，他时运不济，也没人照料。”
2922	他说着走进屋内；阿尔戈斯一认出主人，便立刻死去。
2923	安提诺俄斯的暴行
2924	奥德修斯乔装成乞丐回到自己的家，以蒙骗敌人，却遭到安提诺俄斯残酷对待。安提诺俄斯是逼迫佩涅洛佩改嫁的求婚者之一。
2925	“真不敢相信你会这样，安提诺俄斯，”奥德修斯说，“你吃的是我……我是说，别人家的饭。这甚至不是你的食物，你却一点都不肯分？”
2926	“你刚才开头想说什么？”安提诺俄斯问，“还有，你为什么用绳子把长胡子绑到头上？你到底是谁？”说着他把凳子扔向奥德修斯，砸中他的肩膀。奥德修斯不会忘记这件事。
2927	奥德修斯说：“你真要拒绝给我一点食物？这甚至不是你的家，你却每天在这里吃豪华晚宴。别人只求一小份，你都不肯给。你真是铁石心肠。”
2928	安提诺俄斯恼羞成怒，把凳子扔向奥德修斯。凳子撞墙反弹，打中另一名求婚者的脸，害他洒了酒；酒又染脏第三名求婚者的衣服。不久有人喊道：“食物大战！”大厅里到处飞舞着美味的肉、蔬菜和水果，却仍没人给可怜的乞丐一口。
2929	奥德修斯说：“阁下，你的相貌胜过你的教养。若你在自己家里，连一撮盐都不会施舍给穷人；如今身处他人家中、四周尽是丰盛食物，你竟连一片面包都舍不得给他。”
2930	这话令安提诺俄斯勃然大怒。他瞪着奥德修斯说：“你离开宫廷前，必须为此付出代价。”说完，他把脚凳扔过去，正中奥德修斯右肩胛骨靠近背部上方的位置。奥德修斯稳如磐石，冲击丝毫没让他踉跄；他只是沉默地摇摇头，默想着复仇。
2931	谋划进攻
2932	奥德修斯乔装回家蒙骗敌人后，开始策划杀死那些逼迫妻子改嫁的求婚者，并寻求儿子忒勒马科斯的帮助。
2933	“嗯，”奥德修斯说，“怎么才能保证我们进攻时求婚者没法拿武器？有了！忒勒马科斯，拿些油脂，把宫殿里陈列的所有武器和铠甲都涂满。求婚者伸手去拿时，就会滑得抓不住！”
2934	奥德修斯想杀掉这些傲慢的求婚者，儿子忒勒马科斯也一样。但敌人太多，无法正面交锋。若发动突袭，或许还有胜算；可宫殿各处陈列着华丽的铠甲和武器。因此他让忒勒马科斯秘密把一切搬走，借口是“清洁”。
2935	奥德修斯思量着如何借雅典娜之助杀死求婚者。他对忒勒马科斯说：“我们必须把武器收拢，搬到里面去。求婚者问起你为何全搬走时，随便找个借口。”
2936	旧日朋友
2937	奥德修斯乔装回家蒙骗敌人后，由从他儿时起便在府中服侍的女仆欧律克勒娅为他洗脚。她摸到他腿上的旧伤疤，认出他就是自己的国王。
2938	“这是什么？”欧律克勒娅问，“这是……”她摸到那条腿，又碰到伤疤，惊喘起来。
2939	“是的！一条腿。嗯，确定是腿。哦，那边还有一条！太好了。”欧律克勒娅继续为奥德修斯洗澡，直到后来才透露，其实从摸到那一刻起她就知道他是谁。
2940	欧律克勒娅摸到伤疤时大声尖叫，松开奥德修斯的腿，洗脚水桶翻倒，水洒了一地。
2941	“我不敢相信！”她惊呼，“毫无疑问，你一定是奥德修斯！”幸好宫殿里没人听见这场骚动，否则奥德修斯的伪装就穿帮了。
2942	欧律克勒娅双手握住那条带伤疤的腿，刚认出它便立刻松手。腿掉进浴盆，浴盆发出声响后翻倒，所有水都洒在地上。
2943	欧律克勒娅又喜又悲，眼中盈满泪水，一句话也说不出；她抓住奥德修斯的胡子说：“亲爱的孩子，我敢肯定你就是奥德修斯本人，只是直到摸到这条腿，我才认出你。”
2944	佩涅洛佩的悲伤
2945	奥德修斯乔装待在自己的家中蒙骗敌人；他的妻子佩涅洛佩请他讲述失踪丈夫的消息，却不知道眼前正是那个人。她诉说自己独守二十年的悲痛。
2946	“陌生人，你人真好，”佩涅洛佩说，“你为什么不试着和那些求婚者谈谈？什么？他们朝你扔东西，还让你和另一个乞丐打架？嗯，我看他们是讲不通道理的。要是奥德修斯能回家就好了！”
2947	佩涅洛佩说：“自从奥德修斯出征特洛伊，我每天都在哭。如今我怕他再也回不来，而这些人逼我改嫁。但和你这位陌生人说话让我安心，仿佛奥德修斯又回到了我身边。”
2948	“只要你，”佩涅洛佩说，“坐在这里陪我说话，我就不想上床睡觉。可人不能永远不睡。我还是上楼，躺到那张床榻上吧；自从奥德修斯出发那天起，我就没停止过用泪水浸湿它。”
2949	弓弦竞赛
2950	奥德修斯乔装成乞丐待在家中，参加一场决定谁能娶佩涅洛佩的竞赛。没有其他参赛者能给奥德修斯巨大的弓装上弓弦，可奥德修斯熟悉这把弓……
2951	奥德修斯抓起弓，不仅系上一根弦，而是系上六根。他开始把它当吉他弹，边跺脚边在房间里跳舞。
2952	在众神居住的高天奥林匹斯，信使神赫尔墨斯向兄长阿波罗喊道。赫尔墨斯指着奥德修斯的演奏：“我知道你喜欢弹里拉琴。你一直在找的新声音，知道是什么吗？听听这个！”
2953	奥德修斯说：“来，看好了！”说着把弓放到背后，轻松装上弓弦；随后又拆下重装，只为稍微炫耀一下。他试了试弦的松紧，琴弦发出美妙的回响。
2954	求婚者们惊呆了。这个他们以为是老乞丐的人，怎么能展现如此惊人的力量？就在此刻，天空雷鸣，所有蜡烛噗地熄灭，整间屋子陷入黑暗。众神之王宙斯已为奥德修斯的计划降下祝福。
2955	奥德修斯拿起弓，仔细端详一番，随后像熟练的歌者给里拉琴装上新弦柱一样轻松地绷紧弓弦。然后他右手持弓试弦，弦声在指下甜美作响，宛如燕子的啁啾。
2956	求婚者们听见弦声，惊惶失色。就在这时，宙斯轰然鸣雷作为征兆；奥德修斯听到众神之王送来的预示，心中大喜。
2957	安提诺俄斯之死
2958	奥德修斯乔装成乞丐待在家中，参加决定谁能娶佩涅洛佩的竞赛。获胜后，他开始执行战斗计划。
2959	奥德修斯已给那把众人先前认为不可能上弦的巨弓装好弦。“现在，”他说，“我要变个魔术！大家闭上眼睛。”
2960	求婚者们已经喝下好几杯酒，又把奥德修斯当作供他们取乐的乞丐，于是全都照他说的做。他们听见一声闷响。“现在睁开！”奥德修斯说。
2961	“你们看出有什么不同吗？”他们睁眼时他问道。众人环顾四周，没发现任何异常。没人察觉，于是奥德修斯一次又一次地重复把戏；所有人闭眼时，他射杀了六名求婚者，直到有人终于发现不对。
2962	弓弦装好后，奥德修斯突然成了屋里唯一持武器的人。他抓住机会发动攻击，扯下破布衣服，跳上桌子说：“看好了！”
2963	他搭上箭，拉紧弓弦，把弓指向所有求婚者中最傲慢的安提诺俄斯。没人想到要进攻，因为奥德修斯寡不敌众，敌人足有几十人。
2964	但他确实发动了攻击。箭矢穿过安提诺俄斯的喉咙，鲜血涌入他的酒杯。求婚者们还没反应过来，战斗已经开始。
2965	奥德修斯扯下破布衣服，跃上宽阔的石地；他带着弓与满满一箭筒，说道：“伟大的竞赛结束了。现在我要看看阿波罗是否会保佑我，击中另一个从未有人射中的目标。”
2966	说罢，他向毫无死亡念头的安提诺俄斯瞄准致命一箭。在场纵情宴饮的人中，有谁会想到一个人——无论多么勇敢——竟能独自站在众人之间将他杀死？
2967	箭矢射中安提诺俄斯的喉咙，箭头穿颈而过；他翻倒在地，酒杯从手中掉落，浓稠的鲜血从鼻孔喷涌而出。
2968	毫不留情
2969	奥德修斯乔装进入自己的家后，终于向敌人揭露身份并发动攻击。求婚者看见以为已死的国王，瑟瑟发抖、连连许诺。奥德修斯拒绝他们的哀求，发出慷慨激昂的战吼。
2970	“别这样，”一名求婚者说，“这都是误会。你仔细想想，我们真的做了什么坏事吗？”
2971	“你们纠缠我的妻子多年，逼她嫁给你们中的一个，还企图杀害我的儿子！”奥德修斯回答。
2972	求婚者说：“好吧，可我是说，撇开这些不谈。”
2973	“哇，”一名求婚者说，“今晚的局势变得真快。大家冷静点。奥德修斯，请原谅我们。你要多少钱我们都赔。对不起！”
2974	奥德修斯怒目而视：“就算你把现在和未来拥有的一切钱财都给我，我也不会满意。况且，我本来就很有钱。
2975	“你可以试着和我战斗，也可以试着逃走，”奥德修斯说，“但我现在就告诉你们，没人能活着离开这里。”
2976	“我们每个人，”一名求婚者说，“都愿赔你二十头牛的罚金，还会不断献上金银铜器，直到你消气。在我们做到这些之前，没人能责怪你对我们大发雷霆。”
2977	奥德修斯瞪着他说：“即使你把世上现在拥有和将来会拥有的一切都给我，我也不会停手，直到向你们所有人讨回全部代价。
2978	“你们必须战斗，或试着逃跑，”奥德修斯说，“但你们一个也别想活着逃走。”
2979	终于
2980	奥德修斯终于回家，杀死了逼迫妻子改嫁的男人。历经十年战争、十年漂泊后，夫妻终于再次拥抱。
2981	好了，荷马，现在是你大放异彩的时候了。诗歌的终章，整首诗都在铺垫这一刻。别搞砸！
2982	等等。我刚才是不是把这些都说出声了？糟糕，全错了。让我重新开始这一段！
2983	奥德修斯拥抱妻子时喜不自胜。佩涅洛佩紧紧抱住他。
2984	他们整夜相拥，喜极而泣。从此幸福地生活下去。至少在我下一首诗的故事发生前是这样。
2985	奥德修斯融化般悲泣，将亲爱而忠贞的妻子抱入怀中。波塞冬以狂风巨浪毁掉船只后，游向岸边的人看见陆地会何等欣喜；佩涅洛佩望见丈夫时也是如此，她那双美丽的手臂久久不愿从他的颈上松开。
2986	若非雅典娜另有安排，他们本会一直沉浸在悲伤中，直到玫瑰指尖的黎明降临；但雅典娜把夜色留在遥远的西方，不让黎明在人间破晓。
